species,species name,taxonomy,version,data,genome,chrom
Aano,Aureococcus anophagefferens,Stramenopiles; Pelagophyceae,Ensembl Protists 49; gca_000186865.v_1.0,1,1,0
Aano,Aureococcus anophagefferens,Stramenopiles,Ensembl Protists 39; v_1.0,,,
Aaur,Aurelia aurita,Metazoa; Cnidaria; Medusozoa; Scyphozoa; Semaeostomeae,OIST ABSv1 (Atlantic strain; Baltic isolate) https://marinegenomics.oist.jp/aurelia_aurita/viewer/download?project_id=69,1,1,0
Acagra,Acanthopleura granulata,Metazoa; Bilateria; Protostomia; Lophotrochozoa; Mollusca; Polyplacophora,BOX: https://alabama.app.box.com/s/1hsryfff61i01qrljyasrjnu8j7qg2nj (future: Dryad),1,0,0
Acas,Acanthamoeba castellanii,Amoebozoa; Discosea; Centramoebida,Ensembl Protist 49; strain Neff gca_000313135 (v1; better than so-called v2 GCA_000193105.1 in NCBI),1,1,0
Acas10,Acanthoecidae sp 10tr,Choanoflagellata; Acanthoecida,https://doi.org/10.6084/m9.figshare.12410606; MMETSP0105;MMETSP0106; 10.1371/journal.pbio.1001889;10.1093/molbev/msw209,1,0,0
Acaspe,Acanthoeca spectabilis,Choanoflagellata; Acanthoecida,https://dx.doi.org/10.6084/m9.figshare.5686984.v2; Acanthoeca_spectabilis Version 2; 10.7554/eLife.34226,1,0,0
Acoe,Aquilegia coerulea,Archaeplastida; Viridiplantae; Streptophyta; Embryophyta,NCBI GCA_002738505.1_Aquilegia_coerulea_v1,1,1,0
Acoe,Aquilegia coerulea,Streptophyta,,,,
Acrcer,Acropora cervicornis,Metazoa; Cnidaria; Anthozoa; Hexacorallia; Scleractinia; Acroporidae,NCBI GCA_964034985.1 jaAcrCerv1.1; in-home annotation,1,1,1
Acrpal,Acropora palmata,Metazoa; Cnidaria; Anthozoa; Hexacorallia; Scleractinia; Acroporidae,NCBI GCA_964030605.1 jaAcrPala1.1; in-home annotation,1,1,1
Actieq,Actinia equina,Metazoa; Cnidaria; Anthozoa; Hexacorallia; Actiniaria; Actiniidae,Reef Genomics v1 http://aequ.reefgenomics.org/download/ ; NCBI GCA_011057435.1,1,1,0
Adig,Acropora digitifera,Metazoa; Cnidaria; Anthozoa; Hexacorallia; Scleractinia; Acroporidae,NCBI GCF_000222465,1,1,0
Adivag,Adineta vaga,Metazoa; Bilateria; Protostomia; Lophotrochozoa; Rotifera,Ensembl Metazoa 49; AMS_PRJEB1171_v1,1,1,0
Aedaeg,Aedes aegypti,Metazoa; Bilateria; Protostomia; Ecdysozoa; Arthropoda; Insecta; Diptera,Ensembl Metazoa 49 LVP_AGWG AaegL5,1,1,0
Ageoro,Agelas oroides,Metazoa; Porifera; Demospongiae; Heteroscleromorpha; Agelasida; Agelasidae,NCBI https://www.ncbi.nlm.nih.gov/datasets/genome/GCA_949130485.1/,1,1,1
Alblai,Albugo laibachii,Stramenopiles; Oomycota,Ensembl Protists 49; ENA1,1,1,0
Alblai,Albugo laibachii,Stramenopiles,,,,
Amac,Allomyces macrogynus,Fungi; Blastocladiomycota,Ensembl Fungi 49; A_macrogynus_V3,1,1,0
Amil,Acropora millepora,Metazoa; Cnidaria; Anthozoa; Hexacorallia; Scleractinia; Acroporidae,NCBI assembly: GCA_013753865.1 (v2.1); annotation from Fuller 2020 (via https://drive.google.com/file/d/1ww7rbr6v8676Mul8OxoHkTp3fau0h27F/view?usp=sharing),1,1,1
Amobb2,Amoeba sp. BB2,Discoba; Heterolobosea,Franz Lang DeepEuk; 2018-12-13 https://megasun.bch.umontreal.ca/jakmal-download/Amoeba_spBB2/Amoeba_spBB2_proteinsV20181213.faa,1,0,0
Amobb2,Amoeba sp. BB2,Discoba,,,,
Amocer,Amoebophrya ceratii AT5.2,Alveolata; Dinoflagellata; Dinophyceae; Syndiniales; Amoebophryaceae,JGI Amoebophrya ceratii AT5.2: Amoce1 20200805; 10.1126/sciadv.aav1110,1,1,0
Ampfan,Amphioctopus fangsiao,Metazoa; Bilateria; Protostomia; Lophotrochozoa; Mollusca; Cephalopoda,https://bmcbiol.biomedcentral.com/articles/10.1186/s12915-022-01500-2,1,1,0
Ampfil,Amphiura filiformis,Metazoa; Bilateria; Deuterostomia; Ambulacraria; Echinodermata; Ophiuroidea,NCBI GCA_039555335.1; https://zenodo.org/records/10785182,1,1,0
Ancsig,Ancyromonas sigmoides,Ancyromonadida,CCAP 1958/3 a.k.a. B70 https://www.ncbi.nlm.nih.gov/biosample/7586168 Brown et al 2018,1,0,0
Ancsig,Ancyromonas sigmoides,Ancyromonadida,TRANSCRIPTOME,,,
Andgod,Andalucia godoyi,Discoba; Jakobida; Andalucina,Franz Lang; V16 https://megasun.bch.umontreal.ca/papers/Jakobid-genomes/Andalucia_godoyi/Andalucia_godoyi_proteins_V16.faa,1,0,0
Andgod,Andalucia godoyi,Discoba,,,,
Annjap,Anneissia japonica,Metazoa; Bilateria; Deuterostomia; Ambulacraria; Echinodermata; Crinoidea,NCBI GCF_011630105.1_ASM1163010v1,1,1,0
Anocar,Anolis carolinensis,Metazoa; Bilateria; Deuterostomia; Chordata; Vertebrata; Reptilia,Ensembl 102,1,1,0
Anogam,Anopheles gambiae,Metazoa; Bilateria; Protostomia; Ecdysozoa; Arthropoda; Insecta; Diptera,Ensembl Metazoa 49 PEST AgamP4,1,1,1
ApAF17,Apusomonadida sp. AF-17,Apusomonadida,https://datadryad.org/bitstream/handle/10255/dryad.103230/Amastigomonas_sp_transcriptome.fasta.zip Transcriptome assembly of Amastigomonas sp 10.1098/rspb.2015.2802,1,0,0
Apar,Amoebidium parasiticum,Teretosporea; Ichthyosporea; Ichthyophonida,UNPUBLISHED! AdM,1,1,0
Aphrbe,Aphrocallistes beatrix,Metazoa; Porifera; Hexactinellida; Hexasterophora; Hexactinosida; Sceptrulophora; Aphrocallistidae,NCBI https://www.ncbi.nlm.nih.gov/datasets/genome/GCA_963281255.1/,1,1,1
Aphvas,Aphrocallistes vastus,Metazoa; Porifera; Hexactinellida; Hexasterophora; Hexactinosida; Sceptrulophora; Aphrocallistidae,Francis et al 2023 PMID: 37351491 https://github.com/PalMuc/Aphrocallistes_vastus_genome/,1,1,0
Apimel,Apis mellifera,Metazoa; Bilateria; Protostomia; Ecdysozoa; Arthropoda; Insecta; Hymenoptera,Ensembl Metazoa 49; Amel_4.5,1,1,0
Apla,Acanthaster planci,Metazoa; Bilateria; Deuterostomia; Ambulacraria; Echinodermata; Asteroidea,NCBI GCA_001949145.1 OKI-Apl_1.0,1,1,0
Apla,Acanthaster planci,Metazoa,,,,
Aplcal,Aplysia californica,Metazoa; Bilateria; Protostomia; Lophotrochozoa; Mollusca; Gastropoda,NCBI GCF_000002075.1_AplCal3.0,1,1,0
Aplker,Aplanochytrium kerguelense,Stramenopiles; Labyrinthulea,Mycocosm; needs manual edition!,1,1,0
Aplker,Aplanochytrium kerguelense,Stramenopiles,,,,
Apojap,Apostichopus japonicus,Metazoa; Bilateria; Deuterostomia; Ambulacraria; Echinodermata; Holothuroidea,NCBI GCA_002754855.1_ASM275485v1,1,1,0
Aque,Amphimedon queenslandica,Metazoa; Porifera; Demospongiae; Heteroscleromorpha; Haplosclerida; Niphatidae,Assembly Ensembl Metazoa 39 v1; annotation Bernie Degnan Aqu2.1,1,1,0
Argarg,Argonauta argo,Metazoa; Bilateria; Protostomia; Lophotrochozoa; Mollusca; Cephalopoda,https://academic.oup.com/gbe/article/14/11/evac140/6730389,1,1,0
Aspory,Aspergillus oryzae,Fungi; Dikarya; Ascomycota; Pezizomycotina,NCBI GCA_000269785.2_AspOry3042,1,1,0
Astamu,Asterias amurensis,Metazoa; Bilateria; Deuterostomia; Ambulacraria; Echinodermata; Asteroidea,NCBI GCA_032118995.1; https://figshare.com/articles/dataset/Chromosome-level_genome_assembly_of_em_Asterias_amurensis_em_/23538585/2,1,1,0
Astrub,Asterias rubens,Metazoa; Bilateria; Deuterostomia; Ambulacraria; Echinodermata; Asteroidea,NCBI GCF_902459465.1_eAstRub1.3,1,1,1
Atha,Arabidopsis thaliana,Archaeplastida; Viridiplantae; Streptophyta; Embryophyta,Ensembl Plants 49; TAIR10,1,1,1
Atri,Amborella trichopoda,Archaeplastida; Viridiplantae; Streptophyta; Embryophyta,Ensembl Plants 49; AMTR1,1,1,0
Atri,Amborella trichopoda,Streptophyta,,,,
Auraur,Aurelia aurita,Metazoa,,,,
Aurlim,Aurantiochytrium limacinum,Stramenopiles; Labyrinthulea,Mycocosm; needs manual edition!,1,1,0
Aurlim,Aurantiochytrium limacinum,Stramenopiles,JGI; MYA-1381,,,
Azfi,Azolla filiculoides,Streptophyta,,,,
Azofil,Azolla filiculoides,Archaeplastida; Viridiplantae; Streptophyta; Embryophyta,Fernbase 1.1 https://www.fernbase.org/,1,1,0
Bden,Batrachochytrium dendrobatidis,Fungi; Chytridiomycota,Ensembl Fungi 49; v1; JAM81,1,1,0
Bdis,Brachypodium distachyon,Archaeplastida; Viridiplantae; Streptophyta; Embryophyta,Ensembl Plants 49; v3,1,1,0
Bdis,Brachypodium distachyon,Streptophyta,,,,
Beraby,Beroe abyssicola,Metazoa; Ctenophora; Nuda; Beroida,Neurobase (Moroz 2014),1,0,0
Berova,Beroe ovata,Metazoa; Ctenophora; Nuda; Beroida,BovaDB 1.4; Ryan et al http://ryanlab.whitney.ufl.edu/bovadb/,1,1,0
Bflo,Branchiostoma floridae; S238N-H82,Metazoa; Bilateria; Deuterostomia; Chordata; Cephalochordata,NCBI GCA_000003815.2 Bfl_VNyyK; strain S238N-H82,1,1,0
Bflz,Branchiostoma floridae; bjbf,Metazoa; Bilateria; Deuterostomia; Chordata; Cephalochordata,NCBI GCA_015852565.1; haplotype from hybrid bjbf isolate,1,1,1
Biogla,Biomphalaria glabrata,Metazoa; Bilateria; Protostomia; Lophotrochozoa; Mollusca; Gastropoda,NCBI GCA_002082055.1_nHd_3.1,1,1,0
Bnat,Bigelowiella natans,Rhizaria; Cercozoa,Ensembl Protists 49; Bigna1,1,1,0
Bnat,Bigelowiella natans,Rhizaria,Ensembl Protist 39; CCMP2755; v1,,,
Bodsal,Bodo saltans,Discoba; Euglenozoa; Kinetoplastida,Ensembl Protists 39; v1,1,1,0
Bodsal,Bodo saltans,Excavata,Ensembl Protists 39; v1,,,
Bolinf,Bolinopsis infundibulum,Metazoa; Ctenophora; Tentaculata; Lobata,Neurobase (Moroz 2014),1,0,0
Bolmic,Bolinopsis microptera,Metazoa; Ctenophora; Tentaculata; Lobata,NCBI genome GCA_026151205.1 + in-home annotation based on SRR18516523,1,1,0
Bommor,Bombyx mori,Metazoa; Bilateria; Protostomia; Ecdysozoa; Arthropoda; Insecta; Lepidoptera,Ensembl Metazoa 49; ASM15162v1,1,1,0
Botlea,Botrylloides leachii,Metazoa; Bilateria; Deuterostomia; Chordata; Tunicata; Ascidiacea,ANISEED CNRS DB https://www.aniseed.cnrs.fr/aniseed/download/download_data assembly SBv3 annot v5,1,1,0
Brabel,Branchiostoma belcheri,Metazoa; Bilateria; Deuterostomia; Chordata; Cephalochordata,NCBI GCF_001625305.1,1,1,0
Bracal,Brachionus calyciflorus,Metazoa; Bilateria; Protostomia; Lophotrochozoa; Rotifera,GenBank GCA_905250105.1,1,1,0
Bralan,Branchiostoma lanceolatum,Metazoa; Bilateria; Deuterostomia; Chordata; Cephalochordata,NCBI GCA_927797965.1; v3,1,1,1
Brapli,Brachionus plicatilis,Metazoa; Bilateria; Protostomia; Lophotrochozoa; Rotifera,GenBank GCA_003710015.1,1,1,0
Bremin,Breviolum minutum,Alveolata; Dinoflagellata; Dinophyceae; Suessiales; Symbiodiniaceae,OIST Marine Genomics v1.2; Clade B1; https://marinegenomics.oist.jp/symb/viewer/download?project_id=21,1,1,0
Bremin,Breviolum minutum,Alveolata,,,,
Brumal,Brugia malayi,Metazoa; Bilateria; Protostomia; Ecdysozoa; Nematoda,NCBI GCF_000002995.3_ASM299v2,1,1,0
Bugner,Bugula neritina,Metazoa; Bilateria; Protostomia; Lophotrochozoa; Bryozoa,NCBI GCA_010799875.2_ASM1079987v2,1,1,0
Calmil,Callorhinchus milii,Metazoa; Bilateria; Deuterostomia; Chordata; Vertebrata; Chondrichthyes,Ensembl 102,1,1,0
Cang,Catenaria anguillulae,Fungi; Blastocladiomycota,Ensembl Fungi 49; pl171_gca_002102555.Catan2,1,1,0
Cang,Catenaria anguillulae,Fungi,,,,
Carmem,Carpediemonas membranifera,Metamonada; Fornicata; Carpediemonas-like,Leger et al 2016; Manual,1,0,0
Carmem,Carpediemonas membranifera,Metamonada,,,,
Caulen,Caulerpa lentillifera,Archaeplastida; Viridiplantae; Chlorophyta; Ulvophyceae,OIST v1.1 https://marinegenomics.oist.jp/umibudo/viewer/download?project_id=55,1,1,0
Caulen,Caulerpa lentillifera,Chlorophyta,,,,
Cavfas,Cavenderia fasciculata,Amoebozoa; Evosea; Eumycetozoa,Ensembl Protist 49; gca_000203815.Dfas_2.0,1,1,0
Cavfas,Cavenderia fasciculata,Amoebozoa,,,,
Ccin,Coprinopsis cinerea,Fungi; Dikarya; Basidiomycota; Agaricomycotina,Ensembl Fungi 49; CC3,1,1,0
Ccin,Coprinopsis cinerea,Fungi,,,,
Cele,Caenorhabditis elegans,Metazoa; Bilateria; Protostomia; Ecdysozoa; Nematoda,Ensembl Metazoa 49 WBcel235,1,1,0
Cfra,Creolimax fragrantissima,Teretosporea; Ichthyosporea; Ichthyophonida,de Mendoza et al. 2015 (coding only); Figshare: https://figshare.com/articles/dataset/Creolimax_fragrantissima_genome_data/1403592,1,1,0
Cgig,Crassostrea gigas,Metazoa; Bilateria; Protostomia; Lophotrochozoa; Mollusca; Bivalvia,NCBI GCF_902806645.1_cgigas_uk_roslin_v1,1,1,0
Chabra,Chara braunii,Archaeplastida; Viridiplantae; Streptophyta; Charophyta,Ensembl Plants 49; v1.0,1,1,0
Chabra,Chara braunii,Streptophyta,,,,
Chem,Clytia hemisphaerica,Metazoa; Cnidaria; Medusozoa; Hydrozoa; Leptothecata; Clytiidae,MARIMBA Database http://marimba.obs-vlfr.fr/downloads/,1,1,0
Chocri,Chondrus crispus,Archaeplastida; Rhodophyta; Florideophyceae,Ensembl Plants 49; ASM35022v2,1,1,0
Chocri,Chondrus crispus,Rhodophyta,,,,
Chofle,Choanoeca flexa,Choanoflagellata; Craspedida,https://doi.org/10.6084/m9.figshare.8216291; Version 2; 10.1126/science.aay2346,1,0,0
Choper,Choanoeca perplexa,Choanoflagellata; Craspedida,https://dx.doi.org/10.6084/m9.figshare.5686984.v2; Choanoeca_perplexa Version 2; 10.7554/eLife.34226,1,0,0
Choren,Chondrosia reniformis,Metazoa; Porifera; Demospongiae; Verongimorpha; Chondrillida; Chondrillidae,NCBI GCA_947172415.1; in-home annotation with ERR10177766,1,1,1
Chrper,Chromosphaera perkinsii,Teretosporea; Ichthyosporea; Dermocystida,Grau-Bové et al. 2017; Figshare: https://figshare.com/articles/Genome_-_Chromosphaera_perkinsii/5426494,1,1,0
Chrtob,Chrysochromulina tobin,Haptista; Haptophyta; Prymnesiophyceae,NCBI GCA_001275005.1_Ctobinv2,1,1,0
Chrtob,Chrysochromulina tobin,Haptista,,,,
Chrtob,Chrysochromulina tobin,Haptista,,,,
Cint,Ciona intestinalis,Metazoa; Bilateria; Deuterostomia; Chordata; Tunicata; Ascidiacea,Ensembl 102,1,1,0
Clacla,Clathrina clathrus,Metazoa; Porifera; Calcarea; Calcinea; Clathrinida; Clathrinidae,Catalan Biogenome; own assembly and annotation,1,1,1
Clacor,Clathrina coriacea,Metazoa; Porifera; Calcarea; Calcinea; Clathrinida; Clathrinidae,Simion et al 2017 PMID 28318975,1,0,0
Claful,Cladosporium fulvum,Fungi; Dikarya; Ascomycota; Pezizomycotina,JGI v1,1,1,0
Clagor,Cladocopium goreaui,Alveolata; Dinoflagellata; Dinophyceae; Suessiales; Symbiodiniaceae,JGI Cladocopium goreaui SCF055-01; Clago1 20200812; 10.1038/s42003-018-0098-3,1,1,0
Claoka,Cladosiphon okamuranus,Stramenopiles,OIST v0.4 annotation; NCBI GCA_001742925.1 assembly,,,
Clim,Corallochytrium limacisporum,Teretosporea; Corallochytrea,Grau-Bové et al. 2017; Figshare: https://figshare.com/articles/Genome_-_Corallochytrium_limacisporum/5426470,1,1,0
Clyhem,Clytia hemisphaerica,Metazoa,,,,
Cmer,Cyanidioschyzon merolae,Archaeplastida; Rhodophyta; Cyanidiales,Ensembl Plants 49; ASM9120v1,1,1,0
Cneo,Cryptococcus neoformans,Fungi; Dikarya; Basidiomycota; Agaricomycotina,Ensembl Fungi 49; ASM9104v1 (chromosomal assembly),1,1,0
Cocsub,Coccomyxa subellipsoidea,Archaeplastida; Viridiplantae; Chlorophyta; Trebouxiophyceae,NCBI GCF_000258705.1_Coccomyxa_subellipsoidae_v2.0,1,1,0
Cocsub,Coccomyxa subellipsoidea,Chlorophyta,,,,
Codhol,Codosiga hollandica,Choanoflagellata; Craspedida,https://dx.doi.org/10.6084/m9.figshare.5686984.v2; Codosiga_hollandica Version 2; 10.7554/eLife.34226,1,0,0
Coeast,Coeloplana astericola,Metazoa; Ctenophora; Tentaculata; Platyctenida,Neurobase (Moroz 2014),1,0,0
Coemet,Coeloplana meteoris,Metazoa; Ctenophora; Tentaculata; Platyctenida,Simion et al 2017 PMID 28318975,1,0,0
Coerev,Coemansia reversa,Fungi; Zoopagomycota; Kickxellomycotina,Ensembl Fungi 49; NRRL 1564 v1,1,1,0
Coka,Cladosiphon okamuranus,Stramenopiles; Phaeophyceae,OIST Mozuku assembly v0.4 https://marinegenomics.oist.jp/algae/viewer/download?project_id=53; annotation 2.0 https://marinegenomics.oist.jp/okinawa_mozuku_s_v2/viewer/download?project_id=67,1,1,0
Coka,Cladosiphon okamuranus,Stramenopiles,,,,
Concor,Conidiobolus coronatus,Fungi; Zoopagomycota; Entomophthoromycotina,Ensembl Fungi 49; NRRL 28638,1,1,0
Corcan,Corticium candelabrum,Metazoa; Porifera; Homoscleromorpha; Homosclerophorida; Plakinidae,NCBI https://www.ncbi.nlm.nih.gov/datasets/genome/GCA_963422355.1/,1,1,1
Cowc,Capsaspora owczarzaki,Filasterea,UNPUBLISHED! Hiroshi Suga's genome and annotation 2023 / previously: Ensembl Protists 49,1,1,1
Cpar,Cyanophora paradoxa,Archaeplastida; Glaucophyta,Assembly Price et al. 2012; annotation in-home,1,0,0
Crei,Chlamydomonas reinhardtii,Archaeplastida; Viridiplantae; Chlorophyta; Chlorophyceae,Ensembl Plants 49; 5.5,1,1,0
Crypsp,Cryptophyceae sp.,Cryptista; Cryptophyceae,JGI; CCMP2293 v1.0 https://mycocosm.jgi.doe.gov/Crypto2293_1/Crypto2293_1.home.html,1,1,0
Cscu,Centruroides sculpturatus,Metazoa; Bilateria; Protostomia; Ecdysozoa; Arthropoda; Arachnida,NCBI GCF_000671375.1_Cexi_2.0,1,1,0
Cscu,Centruroides sculpturatus,Metazoa,,,,
Ctel,Capitella teleta,Metazoa; Bilateria; Protostomia; Lophotrochozoa; Annelida,NCBI GCA_000328365.1_Capca1,1,1,0
Culqui,Culex quinquefasciatus,Metazoa; Bilateria; Protostomia; Ecdysozoa; Arthropoda; Insecta; Diptera,Ensembl Metazoa 49 Johannesburg CpipJ2,1,1,0
Cvar,Chlorella variabilis,Archaeplastida; Viridiplantae; Chlorophyta; Trebouxiophyceae,NCBI GCF_000147415.1_v_1.0; NC64A,1,1,0
Cvel,Chromera velia,Alveolata; Chromerida,CryptoDB CCMP2878 https://cryptodb.org/common/downloads/Current_Release/CveliaCCMP2878 ||| Transcriptome Torruella 2020?,1,1,0
Cvel,Chromera velia,Alveolata,,,,
Ddis,Dictyostelium discoideum,Amoebozoa; Evosea; Eumycetozoa,Ensembl Protist 49; dicty_2.7,1,1,0
Dgig,Dendronephthya gigantea,Metazoa; Cnidaria; Anthozoa; Octocorallia,NCBI GCF_004324835.1_DenGig_1.0,1,1,0
Diagra,Diaphanoeca grandis,Choanoflagellata; Acanthoecida,https://dx.doi.org/10.6084/m9.figshare.5686984.v2; Diaphanoeca_grandis Version 2; 10.7554/eLife.34226,1,0,0
Dialin,Diadumene lineata,Metazoa; Cnidaria; Anthozoa; Hexacorallia; Actiniaria; Acuticulata; Diadumenidae,NCBI GCA_918843875.1; jaDiaLine6.1 DTOL; in-home annotation,1,1,1
Dicjap,Dicyema japonicum,Metazoa; Bilateria; Protostomia; Lophotrochozoa; Dicyemida,https://marinegenomics.oist.jp/dicyemid/viewer/download?project_id=77,1,1,0
Didcos,Didymoeca costata,Choanoflagellata; Acanthoecida,https://dx.doi.org/10.6084/m9.figshare.5686984.v2; Didymoeca_costata Version 2; 10.7554/eLife.34226,1,0,0
Dimgyr,Dimorphilus gyrociliatus,Metazoa; Bilateria; Protostomia; Lophotrochozoa; Annelida,NCBI GCA_904063045.1,1,1,0
Diprot,Diphylleia rotans,CRuMs,NIES-3764 https://www.ncbi.nlm.nih.gov/biosample/7586166 Brown et al 2018,1,0,0
Diprot,Diphylleia rotans,CRuMs,TRANSCRIPTOME,,,
Dmel,Drosophila melanogaster,Metazoa; Bilateria; Protostomia; Ecdysozoa; Arthropoda; Insecta; Diptera,Ensembl Metazoa 49 BDGP6.28,1,1,1
Dpul,Daphnia pulex,Metazoa; Bilateria; Protostomia; Ecdysozoa; Arthropoda; Crustacea; Branchiopoda,JGI v1.1 20110204,1,1,0
Dpul,Daphnia pulex,Metazoa,,,,
Drer,Danio rerio,Metazoa; Bilateria; Deuterostomia; Chordata; Vertebrata; Actinopterygii,Ensembl 102,1,1,0
Drygla,Dryodora glandiformis,Metazoa; Ctenophora; Tentaculata; Cydippida,Neurobase (Moroz 2014),1,0,0
Dugjap,Dugesia japonica,Metazoa; Bilateria; Protostomia; Lophotrochozoa; Platyhelminthes,Planarian JP DB http://planarian.jp/download.html,1,1,0
Ehux,Emiliania huxleyi,Haptista; Haptophyta; Prymnesiophyceae,Ensembl Protists 49; CCMP1516,1,1,0
Ehux,Emiliania huxleyi,Haptista,Ensembl Protists 39; CCMP1516,,,
Eimten,Eimeria tenella,Alveolata; Apicomplexa,Ensembl Protists 49 gca_000499545.ETH001,0,1,0
Eimten,Eimeria tenella,Alveolata,,,,
Elychl,Elysia chlorotica,Metazoa; Bilateria; Protostomia; Lophotrochozoa; Mollusca; Gastropoda,NCBI GCA_003991915.1_ElyChl2,1,1,0
Emue,Ephydatia muelleri,Metazoa; Porifera; Demospongiae; Heteroscleromorpha; Spongillida; Spongillidae,Ephybase database: https://spaces.facsci.ualberta.ca/ephybase/resources/,1,1,1
Emul,Echinoccocus multilocularis,Metazoa; Bilateria; Protostomia; Lophotrochozoa; Platyhelminthes,NCBI GCA_000469725.3_EMULTI002,1,1,0
Emul,Echinoccocus multilocularis,Metazoa,,,,
Enccun,Encephalitozoon cuniculi,Fungi; Microsporidia,Ensembl Fungi 49; EcunIII-L,1,1,0
Eptbur,Eptatretus burgeri,Metazoa; Bilateria; Deuterostomia; Chordata; Vertebrata; Cyclostomata,NCBI GCA_900186335.2 Eburgeri_3.2,1,1,0
Erygut,Erythranthe guttata,Archaeplastida; Viridiplantae; Streptophyta; Embryophyta,JGI v2.0 https://phytozome.jgi.doe.gov/pz/portal.html#!info?alias=Org_Mguttatus,1,1,0
Esil,Ectocarpus siliculosus,Stramenopiles; Phaeophyceae,Ensembl Protists 49; gca_000310025.ASM31002v1; chromosomal assembly,1,1,0
Esil,Ectocarpus siliculosus,Stramenopiles,Cock et al. 2010; v2,,,
Euncar,Eunapius carteri,Metazoa; Porifera; Demospongiae; Heteroscleromorpha; Spongillida; Spongillidae,Riesgo et al 2014,1,0,0
Eupdun,Euplokamis dunlapae,Metazoa; Ctenophora; Tentaculata; Cydippida,Neurobase (Moroz 2014),1,0,0
Eupsco,Euprymna scolopes,Metazoa; Bilateria; Protostomia; Lophotrochozoa; Mollusca; Cephalopoda,https://metazoa.csb.univie.ac.at/data/v2/,1,1,0
Exapal,Exaiptasia diaphana,Metazoa; Cnidaria; Anthozoa; Hexacorallia; Actiniaria; Acuticulata; Aiptasiidae,NCBI GCF_001417965.1_Aiptasia_genome_1.1,1,1,0
Fabtro,Fabomonas tropica,Ancyromonadida,NYK3C https://www.ncbi.nlm.nih.gov/biosample/7586169 Brown et al 2018,1,0,0
Fabtro,Fabomonas tropica,Ancyromonadida,TRANSCRIPTOME,,,
Falb,Fonticula alba,Rotosphaerida; Fonticula,NCBI GCF_000388065.1; assembly Font_alba_ATCC_38817_V2,1,1,0
Falb,Fonticula alba,Discicristoidea,,,,
Folcan,Folsomia candida,Metazoa; Bilateria; Protostomia; Ecdysozoa; Arthropoda; Collembola,Ensembl Metazoa 49 ASM221717v1,1,1,0
Fracyl,Fragilariopsis cylindrus,Stramenopiles,JGI; CCMP 1102; v1,,,
FROM HISTONOME,,,,,,
Fspp,Fungia sp.,Metazoa; Cnidaria; Anthozoa; Hexacorallia; Scleractinia; Fungiidae,Reef Genomics v1 http://ffun.reefgenomics.org/download/,1,1,0
Fugkaw,Fugacium kawagutii,Alveolata; Dinoflagellata; Dinophyceae; Suessiales; Symbiodiniaceae,JGI Fugacium kawagutii CCMP2468; Fugka2468; 10.1126/science.aad0408,1,1,0
Fusgra,Fusarium graminearum,Fungi; Dikarya; Ascomycota; Pezizomycotina,NCBI GCF_000240135.3_ASM24013v3,1,1,0
Galgal,Gallus gallus,Metazoa; Bilateria; Deuterostomia; Chordata; Vertebrata; Dinosauria,Ensembl 102,1,1,0
Gasp,Coelastrea aspera,Metazoa; Cnidaria; Anthozoa; Hexacorallia; Scleractinia; Merulinidae,Reef Genomics v1 http://gasp.reefgenomics.org/download/; formerly Goniastrea aspera,1,1,0
Gefoke,Gefionella okellyi (strain 249),Malawimonadidae,Franz Lang; DeepEuk; 2017-06-16 https://megasun.bch.umontreal.ca/jakmal-download/Gefionella/Gefionella_proteins_20170616.faa,1,0,0
Gefoke,Gefionella okellyi (strain 249),Malawimonadidae,TRANSCRIPTOME,,,
Gfas,Galaxea fascicularis,Metazoa; Cnidaria; Anthozoa; Hexacorallia; Scleractinia; Euphylliidae,Reef Genomics v1 http://gfas.reefgenomics.org/download/,1,1,0
Glam,Giardia lamblia,Metamonada; Fornicata; Diplomonadida,Ensembl Protists 49; strain GL2,1,1,0
Glam,Giardia lamblia,Excavata,Ensembl Protists 39; GL2,,,
Glomor,Glossina morsitans,Metazoa; Bilateria; Protostomia; Ecdysozoa; Arthropoda; Insecta; Diptera,Ensembl Metazoa 49; GmorY1.8,1,1,0
Gonavo,Goniomonas avonlea,Cryptista; Cryptophyceae,https://www.ncbi.nlm.nih.gov/assembly/GCA_003573635.1/,1,0,0
Gonavo,Goniomonas avonlea,Cryptista,TRANSCRIPTOME,,,
Gpro,Gonapodya prolifera,Fungi; Chytridiomycota,Ensembl Fungi 49; Ganpr1; JEL478,1,1,0
Gracho,Gracilariopsis chorda,Archaeplastida; Rhodophyta; Florideophyceae,NCBI GCA_003194525.1_GraCho1.0,1,1,0
Gracho,Gracilariopsis chorda,Rhodophyta,,,,
Gracom,Grantia compressa,Metazoa; Porifera; Calcarea; Calcaronea; Leucosolenida; Grantiidae,Simion et al 2017 PMID 28318975,1,0,0
Gthe,Guillardia theta,Cryptista; Cryptophyceae,Ensembl Protists 49; Guith1; CCMP2712,1,1,0
Halamb,Haliclona amboinensis,Metazoa; Porifera; Demospongiae; Heteroscleromorpha; Haplosclerida; Chalinidae,COMPAGEN HAMB_T-PEP_160127,1,0,0
Halaur,Halocynthia aurantium,Metazoa; Bilateria; Deuterostomia; Chordata; Tunicata; Ascidiacea,ANISEED CNRS DB https://www.aniseed.cnrs.fr/aniseed/download/download_data,1,1,0
Halcae,Halisarca caerulea,Metazoa; Porifera; Demospongiae; Keratosa; Chondrillida; Halisarcidae,NCBI https://www.ncbi.nlm.nih.gov/datasets/genome/GCA_963170055.1/,1,1,1
Haloct,Haliclystus octoradiatus,Metazoa; Cnidaria; Medusozoa; Staurozoa,NCBI https://www.ncbi.nlm.nih.gov/datasets/genome/GCA_916610825.1/; in-home annotation,1,1,1
Harbal,Hartaetosiga balthica,Choanoflagellata; Craspedida,https://dx.doi.org/10.6084/m9.figshare.5686984.v2; Hartaetosiga_balthica Version 2; 10.7554/eLife.34226,1,0,0
Hargra,Hartaetosiga gracilis,Choanoflagellata; Craspedida,https://dx.doi.org/10.6084/m9.figshare.5686984.v2; Hartaetosiga_gracilis Version 2; 10.7554/eLife.34226,1,0,0
Hduj,Hypsibius dujardini,Metazoa; Bilateria; Protostomia; Ecdysozoa; Tardigrada,NCBI GCA_002082055.1_nHd_3.1,1,1,0
Hduj,Hypsibius dujardini,Metazoa,,,,
Helery,Heliocidaris erythrogramma,Metazoa; Bilateria; Deuterostomia; Ambulacraria; Echinodermata; Echinoidea,NCBI GCA_025617745.1; https://www.ncbi.nlm.nih.gov/datasets/genome/GCA_025617745.1/,1,1,0
Helnan,Helgoeca nana,Choanoflagellata; Acanthoecida,https://dx.doi.org/10.6084/m9.figshare.5686984.v2; Helgoeca_nana Version 2; 10.7554/eLife.34226,1,0,0
Helrob,Helobdella robusta,Metazoa; Bilateria; Protostomia; Lophotrochozoa; Annelida,NCBI GCF_000326865.1_Helobdella_robusta_v1.0,1,1,0
Helrob,Helobdella robusta,Metazoa,,,,
Heltub,Heliocidaris tuberculata,Metazoa; Bilateria; Deuterostomia; Ambulacraria; Echinodermata; Echinoidea,NCBI GCA_036244855.1; https://cell-innovation.nig.ac.jp/cgi-bin/Tree_public/Tree_annot_download.cgi,1,1,0
Hemkuk,Hemimastix kukwesjijk,Hemimastigophora,https://datadryad.org/stash/dataset/doi:10.5061/dryad.n5g39d7 Lax et al 2018,1,0,0
Hemkuk,Hemimastix kukwesjijk,Hemimastigophora,,,,
Hetalb,Heterostelium album,Amoebozoa; Evosea; Eumycetozoa,NCBI GCF_000004825.1_PolPal_Dec2009; formerly polysphondylium pallidum,1,1,0
Hetalb,Heterostelium album,Amoebozoa,,,,
Hhon,Hoilungia hongkongensis H13,Metazoa; Placozoa,Bitbucket: https://bitbucket.org/molpalmuc/hoilungia-genome/src/master/,1,1,0
Hmia,Hofstenia miamia,Metazoa; Bilateria; Xenacoelomorpha,Ensembl Metazoa 49 HmiaM1,1,1,0
HoiH04,Hoilungia sp. H4,Metazoa; Placozoa,Genome from Laumer et al. 2018; GenomeThreader annotation,1,1,0
HoiH06,Cladtertia sp. H6,Metazoa; Placozoa,Genome from Laumer et al. 2018; GenomeThreader annotation,1,1,0
HoiH11,Hoilungia sp. H11,Metazoa; Placozoa,Genome from Laumer et al. 2018; GenomeThreader annotation,1,1,0
HoiH23,Cladtertia collaboinventa,Metazoa; Placozoa,Bitbucket: https://bitbucket.org/molpalmuc/hoilungia-genome/src/master/,1,1,0
Holgla,Holothuria glaberrima,Metazoa; Bilateria; Deuterostomia; Ambulacraria; Echinodermata; Holothuroidea,NCBI GCA_009936505.3; http://ryanlab.whitney.ufl.edu/genomes/Holothuria_glaberrima/downloads/,1,1,0
Holsca,Holothuria scabra,Metazoa; Bilateria; Deuterostomia; Ambulacraria; Echinodermata; Holothuroidea,NCBI GCA_037179385.1; https://figshare.com/articles/dataset/Genome_data_of_the_tropical_sea_cucumber_Holothuria_scabra_/24771183,1,1,0
Honfer,Hondaea fermentalgiana,Stramenopiles; Labyrinthulea,Ensembl Protists 49; gca_002897355.Aurantiochytrium_FCC1311_v1,1,1,0
Honfer,Hondaea fermentalgiana,Stramenopiles,,,,
Horcal,Hormiphora californiensis,Metazoa; Ctenophora; Tentaculata; Lobata,Genome v1; annotation v93; https://github.com/conchoecia/hormiphora/releases/tag/Hcv1.av93zen; BEWARE; misformatted GFF! Copying peptides manually;,1,1,0
Hsap,Homo sapiens,Metazoa; Bilateria; Deuterostomia; Chordata; Vertebrata; Mammalia,Ensembl 102,1,1,1
Hvul,Hydra vulgaris,Metazoa; Cnidaria; Medusozoa; Hydrozoa; Anthoathecata; Hydridae,NIH https://research.nhgri.nih.gov/hydra/,1,1,1
Hydrsy,Hydractinia symbiolongicarpus,Metazoa; Cnidaria; Medusozoa; Hydrozoa; Anthoathecata; Hydractiniidae,NCBI https://www.ncbi.nlm.nih.gov/datasets/genome/GCF_029227915.1/; in-home annotation,1,1,1
Hydvul,Hydra vulgaris,Metazoa,,,,
Ihof,Ichthyophonus hoferi,Teretosporea; Ichthyosporea; Ichthyophonida,Grau-Bové et al. 2017; Figshare: https://figshare.com/articles/Genome_-_Ichthyophonus_hoferi/5426488,1,1,0
Intlin,Intoshia linei,Metazoa; Bilateria; Protostomia; Lophotrochozoa; Orthonectida,NCBI GCA_001642005.1_IntLin1.0,1,1,0
Ixosca,Ixodes scapularis,Metazoa; Bilateria; Protostomia; Ecdysozoa; Arthropoda; Arachnida,Vectorbase IscaW1.6,1,1,0
Jakbah,Jakoba bahamiensis,Discoba; Jakobida; Histionina,Franz Lang; 2017-05-09 https://megasun.bch.umontreal.ca/jakmal-download/Jakoba_bahamiensis/Jakoba_bahamiensis_proteins_20170509.faa,1,0,0
Jakbah,Jakoba bahamiensis,Discoba,,,,
Jaklib,Jakoba libera,Discoba; Jakobida; Histionina,Franz Lang; 2017-10-10 https://megasun.bch.umontreal.ca/jakmal-download/Jakoba_libera/Jakoba_libera_proteins_20171010.faa,1,0,0
Jaklib,Jakoba libera,Discoba,,,,
Kipbia,Kipferlia bialata,Metamonada; Fornicata; Carpediemonas-like,Ensembl Protists 49; gca_003568945,1,1,0
Kipbia,Kipferlia bialata,Metamonada,,,,
Klenit,Klebsormidium nitens,Archaeplastida; Viridiplantae; Streptophyta; Charophyta,v1.1 NIES-2285 in http://www.plantmorphogenesis.bio.titech.ac.jp/~algae_genome_project/klebsormidium/kf_download.htm || alternative: NCBI GCA_000708835.1_ASM70883v1 (seems older),1,1,0
Lampan,Lampea pancerina,Metazoa; Ctenophora; Tentaculata; Cydippida,Simion et al 2017 PMID 28318975,1,0,0
Latcha,Latimeria chalumnae,Metazoa; Bilateria; Deuterostomia; Chordata; Vertebrata; Coelacanthiformes,Ensembl 102,1,1,0
Lcom,Leucosolenia complicata,Metazoa; Porifera; Calcarea; Calcaronea; Leucosolenida; Leucosoleniidae,Fortunato 2014; DRYAD: https://datadryad.org/stash/dataset/doi:10.5061/dryad.tn0f3; can’t find GFF,1,0,0
Lcom,Leucosolenia complicata,Metazoa,,,,
Lepocu,Lepisosteus oculatus,Metazoa; Bilateria; Deuterostomia; Chordata; Vertebrata; Actinopterygii,Ensembl 102,1,1,0
Lepsal,Lepeophtheirus salmonis,Metazoa; Bilateria; Protostomia; Ecdysozoa; Arthropoda; Crustacea; Copepoda,Ensembl Metazoa 49; LSalAtl2s,1,1,0
Lepsey,Leptomonas seymouri,Discoba; Euglenozoa; Kinetoplastida,Ensembl Protists 49; gca_001299535.ASM129953v1,1,1,0
Lepsey,Leptomonas seymouri,Discoba,,,,
Leuniv,Leuconia nivea,Metazoa; Porifera; Calcarea; Calcaronea; Baerida; Baeriidae,Simion et al 2017 PMID 28318975,1,0,0
Lgig,Lottia gigantea,Metazoa; Bilateria; Protostomia; Lophotrochozoa; Mollusca; Gastropoda,NCBI GCF_000327385.1_Helro1,1,1,0
Lgig,Lottia gigantea,Metazoa,,,,
Linana,Lingula anatina,Metazoa; Bilateria; Protostomia; Lophotrochozoa; Brachiopoda; Linguliformea,NCBI GCF_001039355.2_LinAna2.0,1,1,0
Linlon,Lineus longissimus,Metazoa; Bilateria; Protostomia; Lophotrochozoa; Nemertea,NCBI GCA_910592395.2; Ensembl annotation 2022_03,1,1,0
Litglo,Lithocolla globosa,Rotosphaerida; Pompholyxophryids,https://figshare.com/articles/Rotosphaerida_datasets_and_trees/7814411; cleaned_NUC; 10.1098/rstb.2019.0094,1,0,0
Lmaj,Leishmania major,Discoba; Euglenozoa; Kinetoplastida,Ensembl Protists 49; ASM272v2,1,1,0
Lmaj,Leishmania major,Excavata,Ensembl Protists 39; ASM272v2,,,
Lpol,Limulus polyphemus,Metazoa; Bilateria; Protostomia; Ecdysozoa; Arthropoda; Arachnida,NCBI GCF_000517525.1,1,1,0
Lpol,Limulus polyphemus,Metazoa,,,,
Luccup,Lucilia cuprina,Metazoa; Bilateria; Protostomia; Ecdysozoa; Arthropoda; Insecta; Diptera,Ensembl Metazoa 49; ASM118794v1,1,1,0
Lutlon,Lutzomyia longipalpis,Metazoa; Bilateria; Protostomia; Ecdysozoa; Arthropoda; Insecta; Diptera,Ensembl Metazoa 49 Jacobina LlonJ1.4,1,1,0
Lytpic,Lytechinus pictus,Metazoa; Bilateria; Deuterostomia; Ambulacraria; Echinodermata; Echinoidea,NCBI GCF_037042905.1; https://test.echinobase.org/echinobase/static-echinobase/ftpDatafiles.jsp,1,1,0
Lytvar,Lytechinus variegatus,Metazoa; Bilateria; Deuterostomia; Ambulacraria; Echinodermata; Echinoidea,NCBI GCA_018143015.1 Lvar_3.0,1,1,0
Maclig,Macrostomum lignano,Metazoa; Bilateria; Protostomia; Lophotrochozoa; Platyhelminthes,NCBI GCA_002269645.1_Mlig_3_7,1,1,0
Malcal,Malawimonas californiana,Malawimonadidae,Franz Lang; DeepEuk; 2017-09-24 https://megasun.bch.umontreal.ca/jakmal-download/Malawimonas_californiana/Malawimonas_californiana_proteins_20170924.faa,1,0,0
Malcal,Malawimonas californiana,Malawimonadidae,TRANSCRIPTOME,,,
Maljak,Malawimonas jakobiformis,Malawimonadidae,Franz Lang; DeepEuk; 2017-06-16 https://megasun.bch.umontreal.ca/jakmal-download/Malawimonas_jakobiformis/Malawimonas_jakobiformis_proteins_20170616.faa,1,0,0
Maljak,Malawimonas jakobiformis,Malawimonadidae,TRANSCRIPTOME,,,
Manber,Manchomonas bermudensis,Apusomonadida,ATCC-50234 https://figshare.com/articles/dataset/Data_Associated_with_PhyloFisher/15141900/1 PhyloFisher_v1.0_input_proteomes/Manchomonas_bermudensis 10.1093/nar/gkl770;10.1371/journal.pbio.3001365,1,0,0
Manpla,Mantamonas plastica,CRuMs,CCAP 1946/1 Bass1 https://www.ncbi.nlm.nih.gov/sra?LinkName=biosample_sra&from_uid=7586170 Brown et al 2018,1,0,0
Manpla,Mantamonas plastica,CRuMs,TRANSCRIPTOME,,,
Marpol,Marchantia polymorpha,Archaeplastida; Viridiplantae; Streptophyta; Embryophyta,NCBI GCA_009936355.2_ASM993635v2,1,1,0
Masbal,Mastigamoeba balamuthi,Amoebozoa; Evosea; Archamoeba,Genome assembly available: https://www.ncbi.nlm.nih.gov/assembly/GCA_902651635.1,1,0,0
Masbal,Mastigamoeba balamuthi,Amoebozoa,,,,
Mbre,Monosiga brevicollis,Choanoflagellata; Craspedida,Ensembl Protists 49,1,1,0
Mcir,Mucor circinelloides,Fungi; Mucoromycota; Mucoromycotina,Ensembl Fungi 49; f_circinelloides_1006phl_gca_000401635,1,1,0
Mcir,Mucor circinelloides,Fungi,,,,
Mertsp,Mertensiidae sp.,Metazoa; Ctenophora; Tentaculata; Cydippida,Neurobase (Moroz 2014),1,0,0
Meteor,Meteora sp.,Meteora,Luis Javier Galindo et al / assembly: https://www.ncbi.nlm.nih.gov/genome/12053?genome_assembly_id=53304,1,0,0
Meteor,Meteora sp.,Meteora,,,,
Metsen,Metridium senile,Metazoa; Cnidaria; Anthozoa; Hexacorallia; Actiniaria; Acuticulata; Metridiidae,NCBI GCA_949775045.1; jaMetSeni4.1 DTOL; in-home annotation,1,1,1
Microa,Microstomoeca roanoka,Choanoflagellata; Craspedida,https://dx.doi.org/10.6084/m9.figshare.5686984.v2; Microstomoeca_roanoka Version 2; 10.7554/eLife.34226,1,0,0
Mlei,Mnemiopsis leidyi,Metazoa; Ctenophora; Tentaculata; Lobata,NIH https://research.nhgri.nih.gov/mnemiopsis/; version 2.3,1,1,1
Moncap,Montipora capitata,Metazoa; Cnidaria; Anthozoa; Hexacorallia; Scleractinia; Acroporidae,NCBI GCA_949126865.1 jaMonCapi2.1; in-home annotation,1,1,1
Mondom,Monodelphis domestica,Metazoa; Bilateria; Deuterostomia; Chordata; Vertebrata; Mammalia,Ensembl 102,1,1,1
Morelo,Mortierella elongata,Fungi; Mucoromycota; Mortierellomycotina,Ensembl Fungi 49; gca_001651415.Mortierella_elongata_AG-77_v2.0,1,1,0
Morvir,Morbakka virulenta,Metazoa; Cnidaria; Medusozoa; Cubozoa,OIST MOR05 https://marinegenomics.oist.jp/morbakka_virulenta/,1,1,0
Mpus,Micromonas pusilla,Archaeplastida; Viridiplantae; Chlorophyta; Mamiellophyceae,NCBI GCF_000151265.2_Micromonas_pusilla_CCMP1545_v2.0,1,1,0
Musdom,Musca domestica,Metazoa; Bilateria; Protostomia; Ecdysozoa; Arthropoda; Insecta; Diptera,Ensembl Metazoa 49; MdomA1.3,1,1,0
Mvib,Ministeria vibrans,Filasterea,https://figshare.com/articles/dataset/Genomic_data_for_Ministeria_vibrans_Parvularia_atlantis_Pigoraptor_vietnamica_and_Pigoraptor_chileana/19895962/1; FORMERLY: Torruella et al. 2015; Transcriptome; http://dx.doi.org/10.1016/j.cub.2015.07.053,1,1,0
Mvib,Ministeria vibrans,Filasterea,TRANSCRIPTOME,,,
Mylflu,Mylnosiga fluctuans,Choanoflagellata; Craspedida,https://dx.doi.org/10.6084/m9.figshare.5686984.v2; Mylnosiga_fluctuans Version 2; 10.7554/eLife.34226,1,0,0
Mytcor,Mytilus coruscus,Metazoa; Bilateria; Protostomia; Lophotrochozoa; Mollusca; Bivalvia,NCBI GCA_011752425.2_MCOR1.1,1,1,0
Nasvit,Nasonia vitripennis,Metazoa; Bilateria; Protostomia; Ecdysozoa; Arthropoda; Insecta; Hymenoptera,Ensembl Metazoa 49; Nvit_2.1,1,1,0
Naupom,Nautilus pompilius,Metazoa; Bilateria; Protostomia; Lophotrochozoa; Mollusca; Cephalopoda,annotation from CNCB GWHBECW00000000; genome from NCBI GCA_018389105.1_ASM1838910v1,1,1,0
Ncra,Neurospora crassa,Fungi; Dikarya; Ascomycota; Pezizomycotina,Ensembl Fungi 49; NC12,1,1,0
Nemnom,Nemopilema nomurai,Metazoa; Cnidaria; Medusozoa; Scyphozoa; Rhizostomeae,Jellyfish Genome DB http://www.jellyfishgenome.com/%27%27Nemopilema_nomurai%27%27_genome,1,1,0
Nempar,Nematocida parisii,Fungi; Microsporidia,Ensembl Fungi 49; Nema_parisii_ERTm1_V3,1,1,0
Ngad,Nannochloropsis gaditana,Stramenopiles; Eustigmatophyceae,Ensembl Protists 49; gca_000569095.NagaB31,1,1,0
Ngad,Nannochloropsis gaditana,Stramenopiles,Ensembl Protists 39; NagaB31_1.0,,,
Ngru,Naegleria gruberi,Discoba; Heterolobosea; Tetramitia,Ensembl Protists 49; gca_000004985.V1.0,1,1,0
Ngru,Naegleria gruberi,Excavata,Ensembl Protists 39,,,
Nk52,Chromosphaera perkinsii,Ichthyosporea,,,,
Notgen,Notospermus geniculatus,Metazoa; Bilateria; Protostomia; Lophotrochozoa; Nemertea,OIST v2; https://marinegenomics.oist.jp/nge_v2/viewer/info?project_id=52,1,1,0
Nutlon,Nutomonas longa,Ancyromonadida,CCAP 1958/5 https://figshare.com/articles/dataset/Transcriptome_-_Nutomonas_longa/4560862?file=7694365 Torruella et al 2015,1,0,0
Nutlon,Nutomonas longa,Ancyromonadida,TRANSCRIPTOME,,,
Nvec,Nematostella vectensis,Metazoa; Cnidaria; Anthozoa; Hexacorallia; Actiniaria; Edwardsiidae,chromosomal assembly jaNemVect1.1; GCF_932526225.1; Combined JGI + Vienna annotation (https://doi.org/10.1016/j.cell.2018.05.019),1,1,1
Ocar,Oscarella carmela,Metazoa; Porifera; Homoscleromorpha; Homosclerophorida; Oscarellidae,COMPAGEN Nichols et al. 2012; http://www.compagen.org/datasets/OCAR_WGA_120614,1,1,0
Octbim,Octopus bimaculoides,Metazoa; Bilateria; Protostomia; Lophotrochozoa; Mollusca; Cephalopoda,NCBI GCF_001194135.1_Octopus_bimaculoides_v2_0,1,1,0
Octsin,Octopus sinensis,Metazoa; Bilateria; Protostomia; Lophotrochozoa; Mollusca; Cephalopoda,NCBI GCF_006345805.1_ASM634580v1,1,1,0
Ocupat,Oculina patagonica,Metazoa; Cnidaria; Anthozoa; Hexacorallia; Scleractinia; Oculinidae,Own; unpublished; in-home annotation,1,1,1
Oikdio,Oikopleura dioica,Metazoa; Bilateria; Deuterostomia; Chordata; Tunicata; Appendicularia,NCBI GCA_000209535.1 ASM20953v1,1,1,0
OLD LIVERPOOL,,,,,,
Oopmin,Oopsacas minuta,Metazoa; Porifera; Hexactinellida; Hexasterophora; Lyssacinosida; Leucopsacidae; Oopsacas,NCBI https://www.ncbi.nlm.nih.gov/datasets/genome/GCA_024704765.1/,1,1,0
Opea,Oscarella pearsei,Metazoa; Porifera; Homoscleromorpha; Homosclerophorida; Oscarellidae,COMPAGEN Nichols et al. 2012; http://www.compagen.org/datasets/OCAR_T-PEP_130911.zip,1,0,0
Ophsar,Ophiura sarsii,Metazoa; Bilateria; Deuterostomia; Ambulacraria; Echinodermata; Ophiuroidea,NCBI GCA_035610835.1; https://figshare.com/articles/dataset/Ophiura_sarsii_genome_annotation/24912420,1,1,0
Orbfav,Orbicella faveolata,Metazoa; Cnidaria; Anthozoa; Hexacorallia; Scleractinia; Merulinidae,NCBI GCF_002042975.1,1,1,0
Orccin,Orchesella cincta,Metazoa; Bilateria; Protostomia; Ecdysozoa; Arthropoda; Collembola,Ensembl Metazoa 49; ASM171814v1,1,1,0
Ornana,Ornithorhynchus anatinus,Metazoa; Bilateria; Deuterostomia; Chordata; Vertebrata; Mammalia,Ensembl 102,1,1,0
Osat,Oryza sativa,Archaeplastida; Viridiplantae; Streptophyta; Embryophyta,Ensembl Plants 49; IRGSP-1.0; Japonica,1,1,0
Osclob,Oscarella lobularis,Metazoa; Porifera; Homoscleromorpha; Homosclerophorida; Oscarellidae,Darwin Tree of Life; assembly from NCBI GCA_947507565.1; in-home annotation with ERR10149558,1,1,1
Ostque,Ostreobium quekettii,Archaeplastida; Viridiplantae; Chlorophyta; Ulvophyceae,NCBI GCA_905146915.1,1,1,0
Otau,Ostreococcus tauri,Archaeplastida; Viridiplantae; Chlorophyta; Mamiellophyceae,NCBI GCF_000214015.3_version_140606,1,1,0
Otau,Ostreococcus tauri,Chlorophyta,,,,
Owefus,Owenia fusiformis,Metazoa; Bilateria; Protostomia; Lophotrochozoa; Annelida,Liang et al. 2022; https://github.com/ChemaMD/OweniaGenome,1,1,1
Oxytri,Oxytricha trifallax,Alveolata; Ciliata,Ensembl Protists 49; gca_000295675; need to manually fix transcripts; ciliate code!,1,1,0
Oxytri,Oxytricha trifallax,Alveolata,,,,
Paratl,Parvularia atlantis,Rotosphaerida; Nucleariidae,https://figshare.com/articles/dataset/Genomic_data_for_Ministeria_vibrans_Parvularia_atlantis_Pigoraptor_vietnamica_and_Pigoraptor_chileana/19895962/1; FORMERLY: https://figshare.com/articles/Nuclearia_sp_ATCC_50694_-_Transcriptome/3898485; a-Unigene Version 4; 10.1016/j.cub.2015.07.053,1,1,0
Partet,Paramecium tetraurelia,Alveolata,Ensembl Protists 39,,,
Partri,Paraphelidium tribonemae,Fungi; Aphelidea,X-108; https://doi.org/10.6084/m9.figshare.7339469.v1; Version 1.5; 10.1038/s42003-018-0235-z,1,0,0
Patmin,Patiria miniata,Metazoa; Bilateria; Deuterostomia; Ambulacraria; Echinodermata; Asteroidea,NCBI GCF_015706575.1; https://test.echinobase.org/echinobase/static-echinobase/ftpDatafiles.jsp,1,1,0
Patpec,Patiria pectinifera,Metazoa; Bilateria; Deuterostomia; Ambulacraria; Echinodermata; Asteroidea,NCBI GCA_029964075.1; https://figshare.com/articles/dataset/Re_classified_repeats_gff3/23118647/2,1,1,0
Pavlsp,Pavlovales sp. CCMP2436,Haptista; Haptophyta; Prymnesiophyceae,JGI v1 CCMP2436,1,1,0
Pavlsp,Pavlovales sp. CCMP2436,Haptista,JGI v1 CCMP2436,,,
Pavlsp,Pavlovales sp. CCMP2436,Haptista,,,,
Pbla,Phycomyces blakesleeanus,Fungi,,,,
Pecmax,Pecten maximus,Metazoa; Bilateria; Protostomia; Lophotrochozoa; Mollusca; Bivalvia,NCBI GCF_902652985.1_xPecMax1.1,1,1,0
Penmon,Penaeus monodon,Metazoa; Bilateria; Protostomia; Ecdysozoa; Arthropoda; Crustacea; Decapoda,NCBI GCF_015228065.1_NSTDA_Pmon_1,1,1,0
Perkma,Perkinsus marinus,Alveolata; Perkinsozoa,Ensembl Protists 49; atcc_50983_gca_000006405,1,1,0
Perkma,Perkinsus marinus,Alveolata,,,,
Permar,Perkinsus marinus,Alveolata,Ensembl Protists 39; JCVI_PMG_1.0,,,
Petfic,Petrosia ficiformis,Metazoa; Porifera; Demospongiae; Heteroscleromorpha; Haplosclerida; Petrosiidae,NCBI GCA_947044365.1; in-home annotation with ERR10378034,1,1,1
Petmar,Petromyzon marinus,Metazoa; Bilateria; Deuterostomia; Chordata; Vertebrata; Cyclostomata,NCBI GCF_010993605.1 kPetMar1.pri ; Previosuly: Ensembl 102,1,1,0
Pfal,Plasmodium falciparum,Alveolata; Apicomplexa,Ensembl Protists 49 ASM276v2 3D7,1,1,0
Pfal,Plasmodium falciparum,Alveolata,,,,
Phakir,Pharyngomonas kirbyi,Discoba; Heterolobosea; Pharyngomonada,Franz Lang DeepEuk; 2018-12-13 https://megasun.bch.umontreal.ca/jakmal-download/Pharyngomonas_kirbyi/Pharyngomonas_kirbyi_proteinsV20181203.faa,1,0,0
Phakir,Pharyngomonas kirbyi,Discoba,,,,
Phatri,Phaeodactylum tricornutum,Stramenopiles; Diatomeae,Ensembl Protists 49; ASM15095v2,1,1,0
Phatri,Phaeodactylum tricornutum,Stramenopiles,JGI; CCAP 1055/1 v2.0,,,
Phlpap,Phlebotomus papatasi,Metazoa; Bilateria; Protostomia; Ecdysozoa; Arthropoda; Insecta; Diptera,Ensembl Metazoa 49 Israel PpapI1.4,1,1,0
Phoaus,Phoronis australis,Metazoa; Bilateria; Protostomia; Lophotrochozoa; Phoronida,OIST v2; https://marinegenomics.oist.jp/pau_v2/viewer/info?project_id=51,1,1,0
Phybla,Phycomyces blakesleeanus,Fungi; Mucoromycota,NCBI GCF_001638985.1_Phybl2,1,1,0
Pigoch,Pigoraptor chileana,Filasterea,https://figshare.com/articles/dataset/Genomic_data_for_Ministeria_vibrans_Parvularia_atlantis_Pigoraptor_vietnamica_and_Pigoraptor_chileana/19895962/1; FORMERLY: https://doi.org/10.5061/dryad.26bv4; Opistho-2_predicted_peptides; 10.1016/j.cub.2017.06.006,1,1,0
Pigovi,Pigoraptor vietnamica,Filasterea,https://figshare.com/articles/dataset/Genomic_data_for_Ministeria_vibrans_Parvularia_atlantis_Pigoraptor_vietnamica_and_Pigoraptor_chileana/19895962/1; FORMERLY: https://doi.org/10.5061/dryad.26bv4; Opistho-1_predicted_peptides; 10.1016/j.cub.2017.06.006,1,1,0
Pinf,Phytophthora infestans,Stramenopiles; Oomycota,Ensembl Protists 49; ASM14294v1,1,1,0
Pinf,Phytophthora infestans,Stramenopiles,Ensembl Protists 39; T30-4,,,
Pisp,Piromyces spE2,Fungi; Chytridiomycota,Ensembl Fungi 49,1,1,0
Pisp,Piromyces spE2,Fungi,,,,
Plaber,Plasmodium berghei,Alveolata,Ensembl Protists 39,,,
Plabra,Plasmodiophora brassicae,Rhizaria; Cercozoa,Ensembl Protists 49; gca_001049375.pbe3.h15,1,1,0
Plabra,Plasmodiophora brassicae,Rhizaria,Ensembl Protist 39; pbe3.h15,,,
Plafal,Plasmodium falciparum,Alveolata,Ensembl Protists 39; strain 3D7 EPr1,,,
Plafun,Planoprotostelium fungivorum,Amoebozoa; Variosea; Cavosteliida,Ensembl Protist 49; gca_003024175,1,1,0
Plafun,Planoprotostelium fungivorum,Amoebozoa,,,,
Plajan,Plakina jani,Metazoa; Porifera; Homoscleromorpha; Homosclerophorida; Plakinidae,Simion et al 2017 PMID 28318975,1,0,0
Plamic,Planomonas micra,Ancyromonadida,Franz Lang; DeepEuk; 2017-05-10 https://megasun.bch.umontreal.ca/jakmal-download/Planomonas/Planomonas_micra_proteins_20170510.faa,1,0,0
Plamic,Planomonas micra,Ancyromonadida,TRANSCRIPTOME,,,
Plaviv,Plasmodium vivax,Alveolata,Ensembl Protists 39,,,
Plebac,Pleurobrachia bachei,Metazoa; Ctenophora; Tentaculata; Lobata,DNA-ZOO v1.1 based on NCBI GCA_000695325.1 + annotation based on SRS173516,1,1,0
Plespi,Pleraplysilla spinifera,Metazoa; Porifera; Demospongiae; Keratosa; Dendroceratida; Darwinellidae,Simion et al 2017 PMID 28318975,1,0,0
Pliv,Paracentrotus lividus,Metazoa; Bilateria; Deuterostomia; Ambulacraria; Echinodermata; Echinoidea,UNPUBLISHED! Provided by Lorenza Rusciano,1,1,0
Pocdam,Pocillopora damicornis,Metazoa; Cnidaria; Anthozoa; Hexacorallia; Scleractinia; Pocilloporidae,NCBI GCF_003704095.1_ASM370409v1,1,1,0
Pocver,Pocillopora verrucosa,Metazoa; Cnidaria; Anthozoa; Hexacorallia; Scleractinia; Pocilloporidae,NCBI GCA_036669915.2_ASM3666991v2; annotated from SRR11880672; in-home annotation,1,1,1
Polgla,Polarella glacialis CCMP2088,Alveolata; Dinoflagellata; Dinophyceae; Suessiales; Suessiaceae,JGI Polgl1383; CCMP1383; 10.1186/s12915-020-00782-8,1,1,0
Polpol,Pollicipes pollicipes,Metazoa; Bilateria; Protostomia; Ecdysozoa; Arthropoda; Crustacea; Cirripedia,NCBI GCF_011947565.2_Ppol_2,1,1,0
Pomcan,Pomacea canaliculata  ,Metazoa; Bilateria; Protostomia; Lophotrochozoa; Mollusca; Gastropoda,NCBI GCF_003073045.1_ASM307304v1,1,1,0
Porlut,Porites lutea,Metazoa; Cnidaria; Anthozoa; Hexacorallia; Scleractinia; Poritidae,NCBI GCA_958299795.1; annotated from ERR12708749; in-home annotation,1,1,1
Porpur,Porphyridium purpureum,Archaeplastida; Rhodophyta; Bangiophyceae,NCBI GCA_008690995.1_P_purpureum_CCMP1328_Hybrid_assembly,1,1,0
Porpur,Porphyridium purpureum,Rhodophyta,,,,
Porumb,Porphyra umbilicalis,Archaeplastida; Rhodophyta; Bangiophyceae,NCBI GCA_002049455.2_P_umbilicalis_v1,1,1,0
Porumb,Porphyra umbilicalis,Rhodophyta,,,,
Ppat,Physcomitrella patens,Archaeplastida; Viridiplantae; Streptophyta; Embryophyta,Ensembl Plants 49; v3 Phypa,1,1,0
Pricau,Priapulus caudatus,Metazoa; Bilateria; Protostomia; Ecdysozoa; Scalidophora; Priapulida,GCF_000485595.1 Priapulus caudatus-5.0.1,1,1,0
Ptet,Paramecium tetraurelia,Alveolata; Ciliata,Ensembl Protists 49; ASM16542v1; need to manually fix transcripts; ciliate code!,1,1,0
Ptet,Paramecium tetraurelia,Alveolata,,,,
Ptyfla,Ptychodera flava,Metazoa; Bilateria; Deuterostomia; Ambulacraria; Hemichordata,OIST v3; https://marinegenomics.oist.jp/acornworm/viewer/download?project_id=33,1,1,0
Pygbif,Pygsuia biforma,Breviatea,ftp://ftp.ncbi.nlm.nih.gov/sra/wgs_aux/GC/RY/GCRY01/GCRY01.1.fsa_nt.gz; GCRY01000000; 10.1098/rspb.2013.1755,1,0,0
Pygbif,Pygsuia biforma,Breviatea,TRANSCRIPTOME,,,
Pytirr,Pythium irregulare,Stramenopiles,Ensembl Protists 39,,,
Rall,Rozella allomycis,Fungi; Cryptomycota,Ensembl Fungi 49; Rozella_k41_t100; CSF55,1,1,0
Ramvar,Ramazzottius varieornatus,Metazoa; Bilateria; Protostomia; Ecdysozoa; Tardigrada,NCBI GCA_001949185.1_Rvar_4.0,1,1,0
Ramvar,Ramazzottius varieornatus,Metazoa,,,,
Ratnor,Rattus norvegicus,Metazoa; Bilateria; Deuterostomia; Chordata; Vertebrata; Mammalia,Ensembl 102,1,1,1
Recame,Reclinomonas americana,Discoba; Jakobida; Histionina,Franz Lang; 2017-05-01 https://megasun.bch.umontreal.ca/papers/Jakobid-genomes/Reclinomonas_americana/Reclinomonas_americana_proteins_20170501.faa,1,0,0
Recame,Reclinomonas americana,Discoba,,,,
Retfil,Reticulomyxa filosa,Rhizaria; Foraminifera,Ensembl Protists 49 gca_000512085,1,1,0
Retfil,Reticulomyxa filosa,Rhizaria,Ensembl Protists 39; v1,,,
Rhidel,Rhizopus delemar,Fungi; Mucoromycota; Mucoromycotina,Ensembl Fungi 49 ; RO3 (formerly Rhizopus oryzae); RA 99-880,1,1,0
Rhiglo,Rhizoclosmatium globosum,Fungi; Chytridiomycota,Ensembl Fungi 49 gca_002104985.Rhihy1,1,1,0
Rhoesc,Rhopilema esculentum,Metazoa; Cnidaria; Medusozoa; Scyphozoa; Rhizostomeae,NCBI GCA_013076305.1_ASM1307630v1 / annotation: https://github.com/nongwy/JellyfishGenomeData (scaffolds need to be mapped to NCBI names),1,1,1
Rhopro,Rhodnius prolixus,Metazoa; Bilateria; Protostomia; Ecdysozoa; Arthropoda; Insecta; Hemiptera,Ensembl Metazoa 49; RproC3.3,1,1,0
Rigram,Rigifila ramosa,CRuMs,CCAP 1967/1 https://www.ncbi.nlm.nih.gov/biosample/7586167 Brown et al 2018,1,0,0
Rigram,Rigifila ramosa,CRuMs,TRANSCRIPTOME,,,
Rirr,Rhizophagus irregularis,Fungi; Mucoromycota; Glomeromycotina,NCBI GCF_000439145.1_ASM43914v3,1,1,0
Rirr,Rhizophagus irregularis,Fungi,,,,
Romcul,Romanomermis culicivorax,Metazoa; Bilateria; Protostomia; Ecdysozoa; Nematoda,Nematodes DB http://nematodes.org/genomes/romanomermis_culicivorax/ assembly 2.0 annotation 2.0.1,1,1,0
Sacu,Salvinia cucullata,Streptophyta,,,,
Salcuc,Salvinia cucullata,Archaeplastida; Viridiplantae; Streptophyta; Embryophyta,Fernbase 1.2 https://www.fernbase.org/,1,1,0
Saldol,Salpingoeca dolichothecata,Choanoflagellata; Craspedida,https://dx.doi.org/10.6084/m9.figshare.5686984.v2; Salpingoeca_dolichothecata Version 2; 10.7554/eLife.34226,1,0,0
Salhel,Salpingoeca helianthica,Choanoflagellata; Craspedida,https://dx.doi.org/10.6084/m9.figshare.5686984.v2; Salpingoeca_helianthica Version 2; 10.7554/eLife.34226,1,0,0
Salinf,Salpingoeca infusionum,Choanoflagellata; Craspedida,https://dx.doi.org/10.6084/m9.figshare.5686984.v2; Salpingoeca_infusionum Version 2; 10.7554/eLife.34226,1,0,0
Salkve,Salpingoeca kvevrii,Choanoflagellata; Craspedida,https://dx.doi.org/10.6084/m9.figshare.5686984.v2; Salpingoeca_kvevrii Version 2; 10.7554/eLife.34226,1,0,0
Salmac,Salpingoeca macrocollata,Choanoflagellata; Craspedida,https://dx.doi.org/10.6084/m9.figshare.5686984.v2; Salpingoeca_macrocollata Version 2; 10.7554/eLife.34226,1,0,0
Salpun,Salpingoeca punica,Choanoflagellata; Craspedida,https://dx.doi.org/10.6084/m9.figshare.5686984.v2; Salpingoeca_punica Version 2; 10.7554/eLife.34226,1,0,0
Salurc,Salpingoeca urceolata,Choanoflagellata; Craspedida,https://dx.doi.org/10.6084/m9.figshare.5686984.v2; Salpingoeca_urceolata Version 2; 10.7554/eLife.34226,1,0,0
Sanmal,Sanderia malayensis,Metazoa; Cnidaria; Medusozoa; Scyphozoa; Semaeostomeae,NCBI GCA_013076295.1_ASM1307629v1 / annotation: https://github.com/nongwy/JellyfishGenomeData/blob/master/Sanderia_malayensis.gff3.gz,1,1,0
Sappar,Saprolegnia parasitica,Stramenopiles; Oomycota,Ensembl Protists 49; cbs_223_65_gca_000151545,1,1,0
Sappar,Saprolegnia parasitica,Stramenopiles,,,,
Sarc,Sphaeroforma arctica,Teretosporea; Ichthyosporea; Ichthyophonida,Dudin et al. 2019 (Sarc4); Figshare: https://figshare.com/articles/Sphaeroforma_arctica_transcriptome/8299529,1,1,0
Sarc,Sphaeroforma arctica,Ichthyosporea,,,,
Savpar,Savillea parva,Choanoflagellata; Acanthoecida,https://dx.doi.org/10.6084/m9.figshare.5686984.v2; Savillea_parva Version 2; 10.7554/eLife.34226,1,0,0
Sbic,Sorghum bicolor,Archaeplastida; Viridiplantae; Streptophyta; Embryophyta,Ensembl Plants 49; NCBIv3,1,1,0
Sbic,Sorghum bicolor,Streptophyta,,,,
Scer,Saccharomyces cerevisiae,Fungi; Dikarya; Ascomycota; Saccharomycotina,Ensembl Fungi 49; R64-1-1,1,1,0
Schagg,Schizochytrium aggregatum,Stramenopiles; Labyrinthulea,Mycocosm; needs manual edition!,1,1,0
Schagg,Schizochytrium aggregatum,Stramenopiles,,,,
Scil,Sycon ciliatum,Metazoa; Porifera; Calcarea; Calcaronea; Leucosolenida; Sycettidae,NCBI GCF_964019385.1,1,1,1
Scocal,Scolanthus callimorphus,Metazoa; Cnidaria; Anthozoa; Hexacorallia; Actiniaria; Edwardsiidae,Stowers Institute SIMRBASE version Scal100_v1.20200813,1,1,0
Secula,Seculamonas sp.,Discoba; Jakobida; Histionina,Franz Lang; 2017-11-03 https://megasun.bch.umontreal.ca/papers/Jakobid-genomes/Seculamonas/Seculamonas_proteins_20171103.faa,1,0,0
Secula,Seculamonas sp.,Discoba,,,,
Seppha,Sepia pharaonis,Metazoa; Bilateria; Protostomia; Lophotrochozoa; Mollusca; Cephalopoda,NCBI peptides only from IPG database: https://www.ncbi.nlm.nih.gov/ipg?term=txid158019[Organism:noexp],1,0,0
Skow,Saccoglossus kowalevskii,Metazoa; Bilateria; Deuterostomia; Ambulacraria; Hemichordata,NCBI GCA_000003605.1 Skow_1.1,1,1,0
Sman,Schistosoma mansoni,Metazoa; Bilateria; Protostomia; Lophotrochozoa; Platyhelminthes,NCBI GCF_000237925.1_ASM23792v2,1,1,0
Smed,Schmidtea mediterranea,Metazoa; Bilateria; Protostomia; Lophotrochozoa; Platyhelminthes,Planmine DB; assembly SMESG1; annotation Smes_g4-high confidence; ttp://planmine.mpi-cbg.de/planmine/; previous dataset is a transcriptome (smed6),1,1,0
Smoe,Selaginella moellendorffii,Archaeplastida; Viridiplantae; Streptophyta; Embryophyta,Ensembl Plants 49; v1.0,1,1,0
Sphdes,Sphaerothecum destruens,Teretosporea; Ichthyosporea; Dermocystida,UK-Cefas-1; https://figshare.com/articles/Transcriptome_-_Sphaerothecum_destruens_rosette_agent_/5446489; 10.1016/j.cub.2015.07.053,1,0,0
Sphfal,Sphagnum fallax,Archaeplastida; Viridiplantae; Streptophyta; Embryophyta,JGI Phytozome v1.1 https://genome.jgi.doe.gov/portal/pages/dynamicOrganismDownload.jsf?organism=Sfallax,1,1,0
Sphfal,Sphagnum fallax,Streptophyta,,,,
Spimul,Spironema multiciliatum,Hemimastigophora,https://datadryad.org/stash/dataset/doi:10.5061/dryad.n5g39d7 Lax et al 2018,1,0,0
Spimul,Spironema multiciliatum,Hemimastigophora,,,,
Spis,Stylophora pistillata,Metazoa; Cnidaria; Anthozoa; Hexacorallia; Scleractinia; Pocilloporidae,Combination: NCBI GCA_002571385.1 Stylophora pistillata v1 + reefgenomics (see Methods from Levy et al Cell 2021),1,1,0
Spolac,Spongilla lacustris,Metazoa; Porifera; Demospongiae; Heteroscleromorpha; Spongillida; Spongillidae,Musser 2021; https://zenodo.org/record/5094890,1,0,0
Spom,Schizosaccharomyces pombe,Fungi; Dikarya; Ascomycota; Taphrinomycotina,Ensembl Fungi 49; ASM294v2,1,1,0
Spun,Spizellomyces punctatus,Fungi; Chytridiomycota,Ensembl Fungi 49; V1; DAOM BR117,1,1,0
Spur,Strongylocentrotus purpuratus,Metazoa; Bilateria; Deuterostomia; Ambulacraria; Echinodermata; Echinoidea,NCBI GCA_000002235.4 Spur_5.0,1,1,0
Sros,Salpingoeca rosetta,Choanoflagellata; Craspedida,Ensembl Protists 49,1,1,0
Stedip,Stephanoeca diplocostata,Choanoflagellata; Acanthoecida,https://dx.doi.org/10.6084/m9.figshare.5686984.v2; Stephanoeca_diplocostata.France Version 2; 10.7554/eLife.34226,1,0,0
Stemim,Stegodyphus mimosarum,Metazoa; Bilateria; Protostomia; Ecdysozoa; Arthropoda; Arachnida,NCBI GCA_000611955.2_Stegodyphus_mimosarum_v1,1,1,0
Strcul,Strigomonas culicis,Discoba; Euglenozoa; Kinetoplastida,Ensembl Protists 49; gca_000442495,1,1,0
Strcul,Strigomonas culicis,Discoba,,,,
Strmar,Strigamia maritima,Metazoa; Bilateria; Protostomia; Ecdysozoa; Arthropoda; Myriapoda,Ensembl Metazoa 49; Smar1,1,1,0
Stycar,Stylissa carteri,Metazoa; Porifera; Demospongiae; Heteroscleromorpha; Axinellida; Axinellidae,COMPAGEN SCAR_T-PEP_160304,1,0,0
Stycla,Styela clava,Metazoa; Bilateria; Deuterostomia; Chordata; Tunicata; Ascidiacea,NCBI GCF_013122585.1 ASM1312258v2,1,1,0
Styinc,Stygiella incarcerata,Discoba; Jakobida; Andalucina,Leger et al 2016; Manual,1,0,0
Styinc,Stygiella incarcerata,Discoba,,,,
Symlin,Symbiodinium sp. CCMP2456 linuchae,Alveolata; Dinoflagellata; Dinophyceae; Suessiales; Symbiodiniaceae,NCBI GCA_905221635.1; Slin_CCMP2456,1,1,0
Symmic,Symbiodinium microadriaticum,Alveolata; Dinoflagellata; Dinophyceae; Suessiales; Symbiodiniaceae,Ensembl Protists 49; gca_001939145.ASM193914v1,1,1,0
Symmic,Symbiodinium microadriaticum,Alveolata,Reef Genomics v1,,,
Symmin,Symbiodinium minutum,Alveolata,OIST Marine Genomics v1.120123; Clade B1,,,
Symnat,Symbiodinium natans,Alveolata; Dinoflagellata; Dinophyceae; Suessiales; Symbiodiniaceae,NCBI GCA_905221605.1; Snat_CCMP2548,1,1,0
Symnec,Symbiodinium necroappetens,Alveolata; Dinoflagellata; Dinophyceae; Suessiales; Symbiodiniaceae,NCBI GCA_905231915.1; Snec_CCMP2469,1,1,0
Sympil,Symbiodinium pilosum,Alveolata; Dinoflagellata; Dinophyceae; Suessiales; Symbiodiniaceae,NCBI GCA_905231905.1; Spil_CCMP2461,1,1,0
Symtri,Symbiodinium sp. CCMP2592 tridacnidorum,Alveolata; Dinoflagellata; Dinophyceae; Suessiales; Symbiodiniaceae,NCBI GCA_905221615.1; Stri_CCMP2592,1,1,0
Sysmul,Syssomonas multiformis,Teretosporea; Pluriformea,Colp12 strain; https://datadryad.org/resource/doi:10.5061/dryad.26bv4/2; 10.1016/j.cub.2017.06.006,1,0,0
Tadh,Trichoplax adhaerens H1,Metazoa; Placozoa,Ensembl Metazoa 49,1,1,1
Taegut,Taeniopygia guttata,Metazoa; Bilateria; Deuterostomia; Chordata; Vertebrata; Dinosauria,Ensembl 102,1,1,0
Tcas,Tribolium castaneum,Metazoa; Bilateria; Protostomia; Ecdysozoa; Arthropoda; Insecta; Coleoptera,Ensembl Metazoa 49; Tcas5.2,1,1,0
Tcru,Trypanosoma cruzi,Discoba; Euglenozoa; Kinetoplastida,Ensembl Protists 49; gca_000209065.ASM20906v1; str. CL Brener,1,1,0
Tcru,Trypanosoma cruzi,Discoba,,,,
Temree,Temnopleurus reevesii,Metazoa; Bilateria; Deuterostomia; Ambulacraria; Echinodermata; Echinoidea,NCBI GCA_025618425.1; https://datadryad.org/stash/dataset/doi:10.5061/dryad.sj3tx966v,1,1,0
Tetwil,Tethya wilhelma,Metazoa; Porifera; Demospongiae; Heteroscleromorpha; Tethyida; Tethyidae,Francis et al 2017; https://bitbucket.org/molpalmuc/tethya_wilhelma-genome/src/master/,1,1,0
Tetwil,Tethya wilhelma,Metazoa,,,,
Tgon,Toxoplasma gondii,Alveolata; Apicomplexa,Ensembl Protists 49 TGA4 ME49,1,1,0
Tgon,Toxoplasma gondii,Alveolata,Ensembl Protists 39; strain TGA4,,,
Thekit,Thelohanellus kitauei,Metazoa; Cnidaria; Myxozoa,NCBI GCA_000827895.1_ASM82789v1,1,1,0
Tielac,Tieghemostelium lacteum,Amoebozoa; Evosea; Eumycetozoa,Ensembl Protist 49; gca_001606155.ASM160615v1,1,1,0
Tielac,Tieghemostelium lacteum,Amoebozoa,,,,
Tmel,Tuber melanosporum,Fungi; Dikarya; Ascomycota; Pezizomycotina,Ensembl Fungi 49; ASM15164v1,1,1,0
Tpse,Thalassiosira pseudonana,Stramenopiles; Diatomeae,Ensembl Protists 40; ASM14940v2,1,1,0
Tpse,Thalassiosira pseudonana,Stramenopiles,Ensembl Protists 39; ASM14940v2,,,
TrH2,Trichoplax sp. H2,Metazoa; Placozoa,NCBI GCA_003344405.1_TrispH2_1.0,1,1,0
Trispi,Trichinella spiralis,Metazoa; Bilateria; Protostomia; Ecdysozoa; Nematoda,NCBI GCF_000181795.1_Trichinella_spiralis-3.7.1,1,1,0
Trybru,Trypanosoma brucei,Excavata,Ensembl Protists 39,,,
Tthe,Tetrahymena thermophila,Alveolata; Ciliata,Ensembl Protists 40; JCVI-TTA1-2.2; need to manually fix transcripts; ciliate code!,1,1,0
Tthe,Tetrahymena thermophila,Alveolata,Ensembl Protists 39; TTA1-2.2,,,
Ttra,Thecamonas trahens,Apusomonadida,Ensembl Protist 39; v1 2010; ATCC 50062,1,1,0
Tununi,Tunicaraptor unikontum,Tunicaraptor,Isolate Opistho-3; https://sra-download.ncbi.nlm.nih.gov/traces/wgs01/wgs_aux/GI/QG/GIQG01/GIQG01.1.fsa_nt.gz,1,0,0
Turdoh,Turritopsis dohrnii,Metazoa; Cnidaria; Medusozoa; Hydrozoa; Anthoathecata; Oceaniidae,Kazusa turritopsis.kazusa.or.jp; v2.0.1,1,1,0
Tvag,Trichomonas vaginalis,Metamonada; Parabasalia; Trichomonadida,NCBI GCF_000002825.2_ASM282v1; G3 strain,1,1,0
Tvag,Trichomonas vaginalis,Excavata,Ensembl Protists 39; G3 ASM282v1,,,
Ulvmut,Ulva mutabilis,Archaeplastida; Viridiplantae; Chlorophyta; Ulvophyceae,Assembly available; but no prediction: https://www.ncbi.nlm.nih.gov/assembly/GCA_900538255.1/,1,0,0
Ulvmut,Ulva mutabilis,Chlorophyta,,,,
Umay,Ustilago maydis,Fungi; Dikarya; Basidiomycota; Ustilaginomycotina,Ensembl Fungi 49; Umaydis521_2.0,1,1,0
Umbram,Umbelopsis ramanniana,Fungi; Mucoromycota; Mucoromycotina,JGI v1; AG,1,1,0
Vcar,Volvox carteri,Archaeplastida; Viridiplantae; Chlorophyta; Chlorophyceae,NCBI GCF_000143455.1_v1.0,1,1,0
Vitbra,Vitrella brassicaformis,Alveolata; Chromerida,NCBI GCA_001179505.1,1,1,0
Vitbra,Vitrella brassicaformis,Alveolata,Ensembl Protists 39; CCMP3155,,,
Vmul,Vallicula multiformis,Metazoa; Ctenophora; Tentaculata; Platyctenida,Neurobase (Moroz 2014) & Simion 2017 https://neurobase.rc.ufl.edu/pleurobrachia/download,1,0,0
Xboc,Xenoturbella bocki,Metazoa; Bilateria; Xenacoelomorpha,UNPUBLISHED! Manually produced Xboc_FINAL_PROTEINS.fasta file,1,0,0
Xenlae,Xenopus laevis,Metazoa; Bilateria; Deuterostomia; Chordata; Vertebrata; Amphibia,NCBI GCA_001663975.1 Xenopus_laevis_v2 (aka Xenbase 10.0),1,1,0
Xentro,Xenopus tropicalis,Metazoa; Bilateria; Deuterostomia; Chordata; Vertebrata; Amphibia,Ensembl 102,1,1,0
Xesp,Xenia sp.,Metazoa; Cnidaria; Anthozoa; Octocorallia,Carnegie Coral & Marine Organisms database; https://cmo.carnegiescience.edu/data/,1,1,1
Xestes,Xestospongia testudinaria,Metazoa; Porifera; Demospongiae; Heteroscleromorpha; Haplosclerida; Petrosiidae,COMPAGEN XTES-160304,1,0,0
Ylip,Yarrowia lipolytica,Fungi; Dikarya; Ascomycota; Saccharomycotina,Ensembl Fungi 49; GCA_000002525.1,1,1,0
Zoonev,Zootermopsis nevadensis,Metazoa; Bilateria; Protostomia; Ecdysozoa; Arthropoda; Insecta; Isoptera,Ensembl Metazoa 49; ZooNev1.0,1,1,0
,Mus musculus,Metazoa; Bilateria; Deuterostomia; Chordata; Vertebrata; Mammalia,Ensembl 102,1,1,1
,Echinometra lucunter,Metazoa; Bilateria; Deuterostomia; Ambulacraria; Echinodermata; Echinoidea,NCBI GCF_037042905.1; https://test.echinobase.org/echinobase/static-echinobase/ftpDatafiles.jsp,0,0,0
,Paralithodes platypus,Metazoa; Bilateria; Protostomia; Ecdysozoa; Arthropoda; Crustacea; Decapoda,NCBI GCA_013283005.1 ASM1328300v1 ONLY ASSEMBLY: https://datadryad.org/stash/dataset/doi:10.5061/dryad.jm63xsj6c,0,0,0
,Mesobuthus martensii,Metazoa; Bilateria; Protostomia; Ecdysozoa; Arthropoda; Arachnida,http://lifecenter.sgst.cn/main/en/scorpion.jsp,0,0,0
,Euperipatoides rowelli,Metazoa; Bilateria; Protostomia; Ecdysozoa; Onychophora,UNAVAILABLE || NCBI GCA_003024985.2 Erow_1.0 || GFF UNAVAILABLE || https://www.hgsc.bcm.edu/arthropods/velvet-worm-genome-project,0,0,0
,Ooperipatellus sp.,Metazoa; Bilateria; Protostomia; Ecdysozoa; Onychophora,PRJNA523702 (ref from Laumer 2019),0,0,0
,Peripatoides sp.,Metazoa; Bilateria; Protostomia; Ecdysozoa; Onychophora,PRJNA523703 (ref from Laumer 2019),0,0,0
,Peripatopsis overbergiensis,Metazoa; Bilateria; Protostomia; Ecdysozoa; Onychophora,SRR1145776 (ref from Laumer 2019),0,0,0
,Peripatus sp.,Metazoa; Bilateria; Protostomia; Ecdysozoa; Onychophora,PRJNA523712 (ref from Laumer 2019),0,0,0
,Meiopriapulus fijiensis,Metazoa; Bilateria; Protostomia; Ecdysozoa; Scalidophora; Priapulida,PRJNA523695 (ref from Laumer 2019),0,0,0
,Tubiluchus corallicola,Metazoa; Bilateria; Protostomia; Ecdysozoa; Scalidophora; Priapulida,PRJNA523693 (ref from Laumer 2019),0,0,0
,Echinoderes dujardinii,Metazoa; Bilateria; Protostomia; Ecdysozoa; Scalidophora; Kinorhyncha,PRJNA523695 (ref from Laumer 2019),0,0,0
,Pycnophyes kielensis,Metazoa; Bilateria; Protostomia; Ecdysozoa; Scalidophora; Kinorhyncha,SRR1141803 (ref from Laumer 2019),0,0,0
,Hydroides elegans,Metazoa; Bilateria; Protostomia; Lophotrochozoa; Annelida,InvasionDB http://www.insect-genome.com/invasiondb/download/species_download.php?species_name=Hydroides_elegans,0,0,0
,Arion vulgaris,Metazoa; Bilateria; Protostomia; Lophotrochozoa; Mollusca; Gastropoda,0,0,0,
,Hapalochlaena maculosa,Metazoa; Bilateria; Protostomia; Lophotrochozoa; Mollusca; Cephalopoda,https://academic.oup.com/gigascience/article/9/11/giaa120/5974087,0,0,0
,Architeuthis dux,Metazoa; Bilateria; Protostomia; Lophotrochozoa; Mollusca; Cephalopoda,https://www.ncbi.nlm.nih.gov/data-hub/genome/GCA_006491835.1/,0,0,0
,Edwardsiella lineata,Metazoa; Cnidaria; Anthozoa; Hexacorallia; Actiniaria; Edwardsiidae,0,0,0,
,Acropora hyacinthus,Metazoa; Cnidaria; Anthozoa; Hexacorallia; Scleractinia; Acroporidae,NCBI GCA_020536085.1 Ahyacinthus.chrsV1; annotation from SRR21190554; in-home annotation,0,0,0
,Alatinidae sp. Z8VKAUB7J3,Metazoa; Cnidaria; Medusozoa; Cubozoa,NCBI https://www.ncbi.nlm.nih.gov/datasets/genome/GCA_010016025.2/,0,0,0
,Beroe forskalii,Metazoa; Ctenophora; Nuda; Beroida,0,0,0,
,Chroomonas mesostigmatica,Cryptista; Cryptophyceae,https://www.ncbi.nlm.nih.gov/assembly/GCA_000286095.1/,0,0,0
,Cryptomonas paramecium,Cryptista; Cryptophyceae,https://www.ncbi.nlm.nih.gov/assembly/GCF_000194455.1/,0,0,0
,Hemiselmis andersenii,Cryptista; Cryptophyceae,https://www.ncbi.nlm.nih.gov/assembly/GCF_000018645.1/,0,0,0
    ,,,,,,
